acc_x,acc_y,acc_z,gyro_x,gyro_y,gyro_z,time
0.327,-0.046,-1.120,-4.229,-0.168,-0.992,0
0.331,-0.043,-1.110,-4.153,-0.076,-1.053,4053
0.328,-0.048,-1.109,-4.366,0.031,-1.084,8068
0.331,-0.042,-1.115,-4.290,0.015,-1.023,12079
0.331,-0.036,-1.111,-4.244,0.214,-1.160,16090
0.331,-0.047,-1.107,-4.031,0.336,-1.023,20101
0.330,-0.045,-1.120,-3.832,0.427,-1.069,24112
0.334,-0.048,-1.107,-4.000,0.718,-1.084,28123
0.331,-0.046,-1.107,-3.924,0.656,-1.145,32134
0.334,-0.051,-1.113,-3.969,0.885,-0.992,36145
0.335,-0.039,-1.119,-3.924,0.641,-1.023,40156
0.332,-0.039,-1.116,-4.031,0.840,-1.435,44167
0.334,-0.043,-1.118,-4.076,0.687,-1.328,48178
0.331,-0.041,-1.108,-4.260,0.656,-1.450,52189
0.330,-0.046,-1.120,-4.412,0.641,-1.542,56200
0.323,-0.043,-1.112,-4.504,0.779,-1.710,60212
0.332,-0.049,-1.112,-4.718,0.748,-1.802,64223
0.323,-0.045,-1.114,-4.763,0.901,-1.649,68234
0.323,-0.038,-1.113,-4.855,1.069,-1.664,72246
0.325,-0.042,-1.122,-4.626,1.145,-1.420,76257
0.324,-0.042,-1.120,-4.580,1.374,-1.374,80269
0.322,-0.037,-1.104,-4.504,1.450,-1.450,84280
0.314,-0.037,-1.112,-4.412,1.450,-1.389,88291
0.324,-0.044,-1.109,-4.229,1.542,-1.313,92303
0.325,-0.037,-1.123,-4.351,1.542,-1.420,96313
0.330,-0.040,-1.113,-4.412,1.160,-1.206,100324
0.332,-0.035,-1.107,-4.137,1.099,-0.870,104335
0.327,-0.033,-1.111,-4.107,0.824,-1.084,108347
0.321,-0.042,-1.111,-4.153,0.748,-0.824,112358
0.325,-0.031,-1.110,-4.015,0.718,-0.962,116369
0.327,-0.030,-1.108,-3.756,0.626,-0.748,120380
0.323,-0.028,-1.102,-3.481,0.595,-0.702,124391
0.323,-0.028,-1.109,-3.511,0.595,-0.641,128402
0.326,-0.031,-1.112,-3.588,0.412,-1.176,132414
0.330,-0.032,-1.105,-3.435,0.412,-0.840,136424
0.323,-0.032,-1.111,-3.664,0.412,-1.008,140435
0.319,-0.029,-1.104,-3.450,0.366,-0.794,144446
0.324,-0.032,-1.109,-3.420,0.489,-1.115,148457
0.326,-0.035,-1.112,-3.435,0.550,-0.794,152468
0.321,-0.034,-1.107,-3.298,0.641,-0.947,156479
0.329,-0.030,-1.110,-3.145,0.733,-0.779,160490
0.324,-0.036,-1.109,-3.176,0.687,-1.069,164501
0.322,-0.030,-1.115,-3.069,0.580,-1.038,168512
0.325,-0.032,-1.111,-2.779,0.672,-1.069,172523
0.324,-0.031,-1.112,-2.855,0.809,-0.901,176535
0.324,-0.024,-1.110,-2.672,0.626,-0.794,180546
0.324,-0.029,-1.110,-2.489,0.733,-0.992,184557
0.325,-0.025,-1.117,-2.519,0.550,-0.840,188567
0.328,-0.032,-1.121,-2.473,0.443,-0.687,192578
0.321,-0.033,-1.115,-2.565,0.336,-0.748,196589
0.330,-0.030,-1.112,-2.321,0.366,-0.595,200600
0.323,-0.031,-1.117,-2.321,0.397,-0.595,204611
0.322,-0.031,-1.114,-2.443,0.382,-0.458,208622
0.323,-0.035,-1.120,-2.305,0.580,-0.580,212642
0.323,-0.033,-1.111,-2.366,0.351,-0.641,216654
0.328,-0.039,-1.120,-2.473,0.489,-0.565,220665
0.326,-0.039,-1.125,-2.656,0.626,-0.672,224676
0.329,-0.039,-1.120,-2.687,0.534,-0.473,228688
0.329,-0.029,-1.123,-2.901,0.672,-0.824,232706
0.331,-0.024,-1.117,-2.733,0.656,-0.718,236716
0.331,-0.028,-1.128,-2.733,0.626,-0.870,240727
0.336,-0.026,-1.117,-2.779,0.458,-0.840,244738
0.327,-0.027,-1.122,-2.702,0.550,-0.779,248749
0.328,-0.034,-1.118,-2.763,0.611,-0.794,252760
0.331,-0.030,-1.123,-2.947,0.519,-0.840,256771
0.331,-0.030,-1.113,-2.931,0.458,-0.931,260782
0.329,-0.028,-1.124,-3.328,0.412,-0.687,264793
0.330,-0.029,-1.127,-3.359,0.412,-0.916,268802
0.329,-0.027,-1.120,-3.313,0.275,-0.901,272813
0.331,-0.030,-1.125,-3.359,0.473,-0.885,276825
0.325,-0.026,-1.117,-3.313,0.412,-0.763,280836
0.327,-0.026,-1.111,-3.145,0.550,-0.885,284847
0.321,-0.022,-1.119,-3.099,0.611,-0.840,288860
0.324,-0.020,-1.121,-2.748,0.779,-0.885,292870
0.331,-0.026,-1.115,-2.534,0.794,-0.519,296881
0.331,-0.022,-1.116,-2.427,0.748,-0.504,300892
0.333,-0.022,-1.128,-2.198,0.580,-0.321,304903
0.332,-0.036,-1.117,-2.076,0.733,-0.305,308915
0.337,-0.028,-1.120,-2.137,0.611,-0.519,312925
0.333,-0.035,-1.125,-2.122,0.473,-0.824,316936
0.333,-0.028,-1.125,-2.153,0.290,-0.733,320947
0.328,-0.031,-1.121,-2.321,0.321,-0.885,324958
0.336,-0.033,-1.140,-2.565,0.351,-0.733,328969
0.336,-0.030,-1.125,-2.718,0.046,-0.840,332990
0.328,-0.038,-1.125,-2.794,0.061,-0.992,337001
0.327,-0.032,-1.125,-3.053,-0.092,-0.809,341012
0.328,-0.038,-1.129,-3.374,0.046,-0.931,345024
0.325,-0.031,-1.122,-3.176,0.168,-1.084,349035
0.321,-0.028,-1.117,-3.435,0.382,-0.916,353055
0.333,-0.030,-1.118,-3.542,0.519,-1.130,357066
0.321,-0.026,-1.109,-3.649,0.733,-1.282,361077
0.328,-0.024,-1.120,-3.542,0.718,-1.405,365088
0.327,-0.023,-1.121,-3.511,0.809,-1.557,369099
0.330,-0.022,-1.111,-3.313,0.611,-1.481,373110
0.332,-0.024,-1.120,-3.130,0.382,-1.511,377121
0.340,-0.017,-1.113,-2.992,0.290,-1.466,381132
0.331,-0.022,-1.113,-2.595,0.137,-1.374,385143
0.331,-0.021,-1.115,-2.321,0.000,-1.481,389154
0.328,-0.017,-1.116,-2.305,-0.351,-1.267,393164
0.325,-0.020,-1.117,-2.031,-0.031,-1.359,397175
0.326,-0.020,-1.120,-2.061,-0.137,-1.099,401186
0.323,-0.021,-1.118,-2.198,-0.183,-1.130,405197
0.326,-0.021,-1.115,-2.076,-0.290,-0.931,409208
0.326,-0.024,-1.122,-2.076,-0.305,-1.023,413229
0.322,-0.024,-1.112,-2.305,-0.427,-0.962,417240
0.323,-0.023,-1.108,-2.275,-0.412,-0.794,421251
0.325,-0.023,-1.122,-2.519,-0.321,-0.626,425263
0.321,-0.028,-1.103,-2.473,-0.412,-0.870,429274
0.325,-0.025,-1.115,-2.366,-0.412,-0.901,433293
0.326,-0.021,-1.111,-2.397,-0.580,-0.855,437304
0.320,-0.014,-1.106,-2.504,-0.397,-0.992,441315
0.329,-0.021,-1.113,-2.443,-0.366,-0.916,445326
0.322,-0.024,-1.116,-2.672,-0.214,-1.237,449337
0.333,-0.026,-1.102,-2.473,-0.382,-1.053,453348
0.330,-0.027,-1.104,-2.611,-0.336,-1.221,457359
0.326,-0.025,-1.108,-2.458,-0.290,-1.145,461370
0.324,-0.025,-1.108,-2.748,-0.168,-1.237,465382
0.328,-0.026,-1.104,-2.718,-0.046,-1.389,469393
0.328,-0.021,-1.110,-2.702,0.122,-1.420,473404
0.322,-0.024,-1.113,-2.809,0.137,-1.298,477415
0.324,-0.023,-1.111,-2.779,0.183,-1.252,481426
0.326,-0.025,-1.110,-2.992,0.321,-1.496,485437
0.326,-0.030,-1.108,-2.916,0.443,-1.252,489448
0.325,-0.030,-1.122,-3.069,0.366,-1.328,493459
0.330,-0.024,-1.112,-3.038,0.275,-1.435,497470
0.332,-0.027,-1.104,-3.053,0.321,-1.405,501481
0.330,-0.028,-1.105,-2.901,0.183,-1.313,505493
0.332,-0.032,-1.104,-3.008,0.168,-1.374,509504
0.323,-0.023,-1.114,-2.733,0.183,-1.130,513514
0.335,-0.025,-1.103,-2.580,0.290,-1.099,517525
0.330,-0.036,-1.106,-2.458,0.489,-0.672,521537
0.323,-0.034,-1.112,-2.351,0.672,-0.656,525548
0.334,-0.035,-1.118,-2.260,0.855,-0.702,529559
0.321,-0.042,-1.101,-2.550,1.237,-0.840,533570
0.323,-0.046,-1.109,-2.534,1.221,-0.794,537581
0.331,-0.048,-1.115,-2.733,1.557,-0.824,541593
0.327,-0.043,-1.110,-2.718,1.649,-0.885,545603
0.322,-0.046,-1.109,-2.824,1.863,-0.702,549614
0.327,-0.043,-1.107,-3.053,2.031,-0.779,553635
0.326,-0.048,-1.112,-2.916,2.168,-0.824,557647
0.326,-0.045,-1.110,-2.840,2.366,-0.550,561657
0.322,-0.051,-1.109,-2.901,2.473,-0.718,565668
0.330,-0.052,-1.107,-3.008,2.595,-0.779,569680
0.324,-0.054,-1.108,-3.099,2.611,-0.702,573701
0.333,-0.057,-1.117,-3.252,2.473,-0.702,577712
0.332,-0.060,-1.113,-3.267,2.275,-0.763,581723
0.335,-0.067,-1.123,-3.420,2.198,-0.947,585735
0.333,-0.070,-1.112,-3.542,2.076,-0.809,589746
0.338,-0.072,-1.107,-3.664,1.832,-0.931,593756
0.340,-0.079,-1.115,-3.664,1.618,-1.115,597766
0.335,-0.075,-1.121,-3.710,1.344,-1.145,601777
0.332,-0.083,-1.125,-3.664,1.252,-1.374,605788
0.326,-0.081,-1.120,-3.618,1.267,-1.374,609799
0.326,-0.084,-1.110,-3.344,1.344,-1.420,613810
0.320,-0.084,-1.121,-3.267,1.359,-1.328,617820
0.322,-0.086,-1.119,-2.977,1.450,-1.603,621831
0.325,-0.094,-1.121,-2.779,1.374,-1.313,625842
0.318,-0.103,-1.128,-2.382,1.191,-1.359,629853
0.315,-0.110,-1.120,-2.305,0.901,-1.313,633873
0.326,-0.120,-1.131,-2.244,0.901,-1.069,637885
0.325,-0.132,-1.135,-2.321,0.336,-1.008,641896
0.325,-0.148,-1.129,-2.473,-0.015,-1.053,645907
0.326,-0.160,-1.134,-2.672,-0.473,-1.160,649918
0.329,-0.166,-1.142,-2.626,-1.176,-1.130,653929
0.324,-0.178,-1.145,-3.069,-1.740,-1.237,657941
0.329,-0.191,-1.135,-3.435,-2.107,-1.405,661952
0.334,-0.209,-1.147,-3.573,-2.611,-1.847,665964
0.333,-0.223,-1.152,-3.924,-3.267,-2.321,669974
0.345,-0.238,-1.151,-4.076,-4.122,-2.809,673985
0.352,-0.250,-1.158,-4.168,-5.176,-3.176,677997
0.364,-0.278,-1.169,-4.046,-6.595,-3.710,682007
0.387,-0.286,-1.169,-4.290,-8.595,-4.366,686018
0.397,-0.307,-1.178,-4.305,-10.534,-4.855,690029
0.406,-0.324,-1.186,-4.763,-12.687,-5.206,694040
0.417,-0.333,-1.193,-5.176,-15.023,-6.000,698051
0.418,-0.345,-1.198,-5.466,-17.191,-6.916,702062
0.429,-0.356,-1.208,-5.756,-19.115,-8.153,706073
0.430,-0.371,-1.224,-6.275,-21.038,-9.252,710085
0.428,-0.386,-1.216,-7.130,-22.672,-10.702,714096
0.411,-0.393,-1.223,-8.122,-23.908,-11.985,718107
0.395,-0.402,-1.220,-9.374,-24.840,-13.099,722118
0.382,-0.393,-1.215,-10.550,-25.115,-14.321,726129
0.355,-0.385,-1.217,-11.374,-24.885,-15.328,730140
0.333,-0.377,-1.214,-12.244,-25.023,-15.496,734151
0.327,-0.364,-1.198,-13.740,-24.153,-17.664,738157
0.320,-0.357,-1.217,-13.740,-23.389,-18.198,742168
0.295,-0.363,-1.219,-15.038,-22.168,-17.939,746179
0.281,-0.362,-1.205,-15.786,-21.969,-17.634,750190
0.272,-0.356,-1.202,-16.275,-20.244,-17.588,754201
0.281,-0.348,-1.209,-16.977,-20.504,-18.214,758213
0.280,-0.347,-1.203,-18.168,-20.458,-19.084,762225
0.274,-0.337,-1.201,-18.748,-20.443,-19.618,766236
0.283,-0.340,-1.200,-19.420,-20.992,-19.924,770248
0.284,-0.329,-1.195,-20.260,-21.969,-20.260,774259
0.283,-0.323,-1.192,-20.931,-22.580,-20.229,778271
0.287,-0.320,-1.202,-21.420,-24.458,-20.092,782281
0.287,-0.322,-1.189,-22.031,-25.893,-20.046,786292
0.296,-0.324,-1.186,-22.611,-26.809,-20.214,790304
0.289,-0.326,-1.192,-23.527,-29.115,-19.710,794315
0.278,-0.326,-1.179,-24.427,-30.687,-19.084,798329
0.280,-0.321,-1.177,-24.840,-32.366,-18.870,802340
0.274,-0.311,-1.168,-25.664,-32.840,-18.885,806352
0.257,-0.299,-1.179,-26.305,-34.000,-18.565,810363
0.240,-0.288,-1.166,-26.031,-33.206,-17.969,814374
0.240,-0.278,-1.156,-25.969,-32.962,-17.450,818385
0.243,-0.276,-1.151,-25.649,-32.031,-17.160,822396
0.235,-0.277,-1.140,-25.618,-31.954,-16.290,826407
0.236,-0.267,-1.150,-25.542,-31.130,-15.527,830418
0.249,-0.260,-1.148,-25.634,-30.244,-14.947,834429
0.260,-0.256,-1.129,-25.817,-29.634,-14.656,838440
0.263,-0.247,-1.126,-25.863,-28.397,-15.237,842451
0.272,-0.241,-1.134,-25.969,-28.763,-15.954,846463
0.280,-0.231,-1.131,-26.076,-28.031,-16.870,850473
0.290,-0.226,-1.128,-26.366,-28.305,-18.122,854484
0.284,-0.209,-1.109,-26.519,-27.344,-19.313,858495
0.280,-0.193,-1.100,-26.427,-27.176,-19.542,862505
0.277,-0.182,-1.099,-26.229,-26.687,-20.015,866516
0.276,-0.152,-1.085,-25.496,-26.137,-20.382,870527
0.272,-0.127,-1.081,-24.687,-26.015,-20.183,874538
0.259,-0.109,-1.080,-23.069,-25.389,-20.489,878549
0.264,-0.091,-1.078,-21.313,-24.489,-20.779,882561
0.267,-0.086,-1.089,-19.893,-24.870,-21.557,886571
0.251,-0.062,-1.080,-18.366,-24.214,-22.275,890582
0.226,-0.033,-1.078,-16.565,-23.145,-22.611,894593
0.208,-0.004,-1.081,-14.641,-22.779,-23.084,898605
0.192,0.017,-1.076,-12.458,-21.725,-23.298,902616
0.181,0.032,-1.075,-9.985,-20.137,-23.542,906627
0.172,0.046,-1.081,-7.191,-18.412,-22.733,910638
0.170,0.047,-1.080,-4.962,-16.992,-21.008,914649
0.166,0.058,-1.080,-2.885,-15.023,-18.183,918661
0.155,0.059,-1.084,-1.771,-13.756,-15.237,922682
0.146,0.080,-1.063,-0.947,-11.557,-12.107,926693
0.127,0.107,-1.068,0.641,-9.176,-9.863,930704
0.121,0.121,-1.063,2.168,-6.473,-7.695,934715
0.118,0.144,-1.067,3.847,-3.420,-6.153,938726
0.108,0.150,-1.053,5.115,0.321,-4.733,942741
0.106,0.159,-1.059,6.275,3.237,-3.405,946752
0.111,0.168,-1.068,7.634,6.672,-2.061,950763
0.115,0.194,-1.067,9.389,10.275,-1.237,954775
0.104,0.222,-1.077,11.481,12.977,-0.580,958785
0.116,0.239,-1.094,13.389,14.656,0.214,962797
0.131,0.250,-1.102,15.038,16.809,0.626,966807
0.132,0.255,-1.109,15.939,17.344,2.000,970818
0.144,0.255,-1.112,16.031,17.817,3.939,974829
0.151,0.258,-1.113,16.305,18.092,6.061,978841
0.160,0.262,-1.137,15.221,18.443,8.137,982851
0.167,0.270,-1.152,14.473,17.847,10.397,986862
0.181,0.273,-1.155,13.252,16.611,12.015,990873
0.189,0.288,-1.147,12.046,15.328,12.260,994884
0.178,0.296,-1.155,9.878,13.878,13.298,998896
0.156,0.305,-1.166,8.046,13.847,14.473,1002906
0.150,0.313,-1.165,6.366,13.863,15.878,1006918
0.160,0.320,-1.155,4.870,13.176,17.328,1010929
0.166,0.335,-1.149,3.679,13.160,18.901,1014941
0.170,0.344,-1.152,3.313,13.786,21.130,1018952
0.172,0.351,-1.133,2.977,14.504,23.405,1022973
0.197,0.351,-1.133,2.458,14.840,25.924,1026983
0.201,0.359,-1.130,1.771,14.321,28.275,1030994
0.203,0.356,-1.122,1.420,15.389,30.137,1035005
0.210,0.357,-1.110,1.298,16.641,31.405,1039016
0.226,0.363,-1.107,1.176,17.679,31.802,1043037
0.242,0.376,-1.117,1.603,18.702,31.557,1047048
0.250,0.374,-1.118,2.137,19.802,30.962,1051059
0.269,0.367,-1.112,2.427,21.038,30.229,1055070
0.283,0.358,-1.124,2.672,21.939,29.405,1059081
0.297,0.340,-1.124,2.137,22.458,28.595,1063095
0.299,0.340,-1.125,1.664,22.947,28.046,1067106
0.305,0.331,-1.142,0.794,23.817,27.481,1071117
0.326,0.328,-1.138,-0.092,23.908,26.763,1075128
0.344,0.322,-1.145,-0.580,23.771,26.183,1079139
0.349,0.316,-1.148,-1.405,23.634,25.420,1083149
0.367,0.314,-1.141,-2.336,22.519,24.718,1087160
0.373,0.308,-1.135,-3.664,20.534,23.542,1091171
0.375,0.298,-1.131,-4.855,18.473,22.290,1095182
0.376,0.288,-1.132,-6.260,16.382,20.947,1099193
0.369,0.282,-1.119,-7.924,14.183,19.817,1103213
0.361,0.283,-1.129,-9.420,12.870,18.305,1107224
0.355,0.278,-1.125,-10.382,11.832,16.779,1111236
0.352,0.287,-1.114,-10.824,10.824,15.099,1115247
0.349,0.278,-1.106,-11.496,9.740,13.191,1119258
0.341,0.272,-1.105,-12.000,8.504,11.191,1123279
0.318,0.269,-1.094,-12.626,7.786,9.527,1127290
0.307,0.271,-1.091,-12.855,7.237,8.092,1131301
0.286,0.268,-1.089,-13.023,7.176,6.473,1135312
0.269,0.260,-1.088,-12.947,7.557,5.496,1139323
0.262,0.262,-1.093,-12.611,8.229,4.580,1143341
0.264,0.262,-1.093,-11.863,8.489,3.771,1147352
0.264,0.252,-1.081,-11.405,8.779,3.420,1151363
0.264,0.236,-1.087,-11.344,8.870,3.740,1155375
0.259,0.229,-1.066,-11.374,8.733,4.092,1159386
0.262,0.220,-1.080,-11.618,8.565,4.198,1163397
0.252,0.223,-1.068,-11.450,8.366,3.954,1167408
0.251,0.207,-1.066,-11.740,8.244,3.420,1171419
0.250,0.200,-1.065,-11.496,8.000,2.458,1175430
0.246,0.187,-1.078,-11.542,7.786,1.206,1179441
0.249,0.178,-1.062,-11.313,4.489,0.824,1183452
0.253,0.164,-1.036,-12.290,8.046,0.000,1187463
0.246,0.188,-1.064,-10.214,6.550,-0.763,1191474
0.236,0.155,-1.076,-11.099,4.718,-0.656,1195485
0.247,0.139,-1.064,-10.275,2.641,-0.611,1199496
0.258,0.133,-1.067,-9.832,1.237,-0.427,1203507
0.259,0.133,-1.059,-9.252,1.832,-0.183,1207518
0.256,0.130,-1.074,-8.733,0.565,1.023,1211529
0.266,0.122,-1.073,-8.504,-1.389,0.626,1215540
0.270,0.102,-1.098,-8.366,-4.824,0.580,1219551
0.265,0.102,-1.073,-7.817,-2.198,-0.061,1223566
0.252,0.107,-1.087,-7.374,-3.954,0.168,1227577
0.253,0.101,-1.078,-7.298,-3.969,0.260,1231588
0.251,0.090,-1.085,-6.824,-3.893,0.687,1235599
0.249,0.086,-1.076,-6.489,-3.206,1.145,1239610
0.253,0.088,-1.074,-6.000,-3.008,1.053,1243631
0.248,0.085,-1.083,-5.252,-2.321,1.313,1247642
0.250,0.084,-1.094,-4.519,-1.053,1.450,1251653
0.243,0.087,-1.089,-3.817,-0.092,1.313,1255665
0.250,0.074,-1.086,-3.573,0.931,1.252,1259676
0.243,0.063,-1.102,-3.206,2.076,0.779,1263697
0.245,0.058,-1.091,-2.809,3.191,0.443,1267708
0.246,0.056,-1.104,-2.611,4.489,0.183,1271719
0.256,0.047,-1.114,-2.260,5.038,-0.122,1275730
0.258,0.037,-1.114,-2.550,5.267,-0.550,1279742
0.271,0.029,-1.114,-2.198,5.420,-0.656,1283752
0.269,0.034,-1.124,-2.076,5.435,-0.931,1287763
0.279,0.035,-1.121,-2.046,5.145,-1.023,1291773
0.284,0.029,-1.130,-1.817,4.565,-1.038,1295784
0.292,0.019,-1.139,-1.588,3.924,-1.099,1299795
0.303,0.014,-1.130,-1.573,2.916,-1.344,1303806
0.311,0.006,-1.142,-1.634,1.405,-1.405,1307816
0.319,0.009,-1.140,-2.107,0.061,-1.450,1311827
0.316,0.005,-1.156,-2.198,-1.282,-1.511,1315838
0.312,0.004,-1.149,-2.198,-2.824,-1.420,1319849
0.324,0.001,-1.157,-2.061,-4.214,-1.237,1323870
0.323,0.001,-1.157,-1.908,-5.252,-0.763,1327881
0.323,-0.005,-1.152,-1.603,-5.634,-0.473,1331892
0.315,0.001,-1.160,-1.221,-5.847,-0.458,1335904
0.303,-0.001,-1.155,-0.962,-5.908,-0.931,1339916
0.302,-0.010,-1.166,-0.794,-5.664,-1.618,1343927
0.290,-0.001,-1.169,-0.458,-4.931,-2.244,1347938
0.280,-0.007,-1.168,-0.427,-3.908,-2.809,1351949
0.280,-0.010,-1.167,-0.519,-2.824,-3.237,1355960
0.279,-0.004,-1.157,-0.214,-1.298,-3.344,1359971
0.280,-0.004,-1.167,-0.427,0.137,-3.359,1363982
0.276,-0.006,-1.159,-0.794,1.267,-3.603,1367994
0.274,-0.002,-1.168,-0.931,2.397,-4.000,1372004
0.270,-0.000,-1.167,-1.221,3.435,-4.336,1376015
0.271,-0.003,-1.156,-1.634,3.817,-4.397,1380026
0.284,-0.003,-1.159,-1.740,4.061,-4.870,1384037
0.285,0.002,-1.165,-1.924,3.817,-4.962,1388048
0.289,0.007,-1.165,-2.244,3.802,-4.885,1392059
0.282,0.007,-1.163,-2.183,3.115,-5.130,1396070
0.291,0.007,-1.150,-2.366,2.366,-5.359,1400081
0.288,0.004,-1.147,-2.809,1.221,-5.649,1404092
0.279,0.012,-1.147,-3.130,0.229,-6.198,1408104
0.270,0.010,-1.151,-3.267,-0.947,-6.122,1412115
0.280,0.020,-1.148,-3.542,-1.985,-6.107,1416126
0.273,0.026,-1.151,-3.267,-2.794,-5.557,1420137
0.264,0.028,-1.149,-3.115,-3.725,-4.672,1424148
0.254,0.031,-1.141,-2.870,-4.168,-3.282,1428160
0.250,0.035,-1.137,-2.397,-4.321,-2.412,1432171
0.248,0.036,-1.133,-1.817,-4.489,-1.603,1436182
0.250,0.032,-1.137,-1.252,-4.412,-1.160,1440193
0.244,0.040,-1.149,-0.718,-4.031,-1.008,1444204
0.252,0.035,-1.138,-0.305,-3.573,-0.733,1448218
0.262,0.027,-1.144,-0.260,-3.557,-1.191,1452229
0.267,0.026,-1.141,-0.443,-3.282,-1.267,1456240
0.271,0.021,-1.142,-0.550,-3.023,-1.527,1460251
0.270,0.017,-1.141,-1.023,-2.718,-1.573,1464262
0.288,0.014,-1.158,-1.695,-4.779,-1.252,1468273
0.281,0.019,-1.145,-2.275,-1.008,-1.817,1472285
0.271,0.030,-1.147,-2.214,-1.115,-1.878,1476295
0.269,0.028,-1.144,-3.237,-0.962,-1.817,1480306
0.271,0.027,-1.138,-3.298,-0.092,-1.924,1484317
0.281,0.023,-1.131,-3.557,0.504,-1.969,1488330
0.276,0.031,-1.129,-3.557,1.115,-1.939,1492341
0.278,0.033,-1.144,-3.756,1.344,-1.481,1496352
0.280,0.024,-1.127,-4.046,1.176,-1.237,1500363
0.275,0.029,-1.121,-4.275,1.160,-1.115,1504375
0.276,0.028,-1.122,-4.626,0.870,-0.733,1508385
0.273,0.035,-1.111,-4.656,0.962,-0.641,1512396
0.275,0.040,-1.109,-4.611,0.794,-0.427,1516407
0.269,0.043,-1.113,-4.595,1.145,-0.229,1520418
0.260,0.040,-1.106,-4.275,1.237,0.122,1524429
0.256,0.042,-1.091,-4.000,2.031,0.534,1528440
0.255,0.040,-1.093,-3.557,2.626,1.191,1532451
0.260,0.037,-1.091,-3.160,3.557,1.985,1536463
0.260,0.038,-1.084,-2.336,4.092,2.336,1540473
0.254,0.037,-1.083,-1.832,4.595,3.069,1544484
0.268,0.034,-1.079,-1.374,4.977,3.450,1548495
0.276,0.031,-1.082,-0.916,5.237,4.107,1552505
0.292,0.020,-1.075,-0.412,5.069,4.168,1556516
0.302,0.025,-1.081,-0.229,4.794,3.771,1560527
0.302,0.023,-1.085,-0.076,4.214,3.389,1564538
0.311,0.022,-1.082,0.137,3.771,2.626,1568549
0.316,0.020,-1.093,0.382,3.084,2.061,1572561
0.323,0.020,-1.099,0.458,2.382,1.053,1576571
0.322,0.007,-1.095,0.443,1.771,0.290,1580582
0.319,0.010,-1.113,0.260,1.344,-0.779,1584593
0.306,0.003,-1.118,-0.046,1.038,-1.756,1588605
0.300,0.002,-1.111,-0.534,0.947,-2.153,1592616
0.286,0.006,-1.115,-0.885,1.115,-3.038,1596627
0.274,0.004,-1.123,-0.977,1.344,-3.542,1600638
0.265,0.011,-1.119,-0.977,2.122,-3.664,1604649
0.262,0.012,-1.112,-0.947,2.992,-3.435,1608661
0.251,0.016,-1.130,-0.702,3.863,-2.962,1612682
0.249,0.022,-1.112,-0.397,4.824,-2.550,1616693
0.248,0.016,-1.113,-0.168,5.450,-1.969,1620704
0.261,0.022,-1.121,0.336,6.275,-1.466,1624715
0.255,0.022,-1.136,0.947,6.519,-0.779,1628726
0.262,0.023,-1.134,1.481,6.702,-0.443,1632741
0.269,0.024,-1.131,1.802,6.580,0.000,1636752
0.275,0.021,-1.129,2.122,6.519,0.229,1640763
0.281,0.016,-1.134,2.656,6.092,0.244,1644775
0.283,0.016,-1.131,2.641,5.557,0.153,1648785
0.287,0.015,-1.133,3.099,5.038,0.244,1652797
0.295,0.013,-1.139,3.130,4.336,0.107,1656807
0.291,0.009,-1.145,3.298,4.076,0.076,1660818
0.298,0.013,-1.148,3.359,3.008,-0.244,1664829
0.299,0.010,-1.142,3.099,2.779,-0.519,1668841
0.297,0.006,-1.152,2.840,2.137,-0.733,1672851
0.302,-0.001,-1.158,2.595,1.282,-0.901,1676862
0.299,-0.002,-1.157,2.000,0.824,-1.374,1680873
0.291,-0.003,-1.156,1.511,0.550,-1.542,1684884
0.287,0.006,-1.165,1.084,0.672,-1.664,1688896
0.280,0.003,-1.159,0.962,0.794,-1.298,1692906
0.285,0.004,-1.156,0.626,1.038,-1.252,1696917
0.283,0.003,-1.160,0.458,1.221,-1.176,1700928
0.279,0.003,-1.157,0.366,1.420,-0.977,1704939
0.271,0.008,-1.160,0.061,1.725,-0.641,1708950
0.273,0.003,-1.149,0.198,1.420,-0.595,1712970
0.285,0.005,-1.151,-0.183,1.389,-0.672,1716982
0.284,0.007,-1.146,-0.534,1.344,-0.733,1720992
0.280,0.002,-1.148,-0.962,1.496,-0.809,1725003
0.275,0.007,-1.147,-1.145,1.466,-0.779,1729015
0.279,0.005,-1.156,-1.588,1.603,-1.023,1733035
0.286,0.005,-1.146,-1.756,1.588,-1.435,1737046
0.287,0.008,-1.135,-1.954,1.389,-1.557,1741057
0.279,0.011,-1.150,-1.740,1.542,-1.374,1745068
0.289,0.009,-1.145,-1.710,1.664,-1.115,1749079
0.295,0.021,-1.153,-1.573,1.542,-0.443,1753090
0.290,0.015,-1.146,-1.771,1.511,-0.183,1757101
0.291,0.014,-1.145,-1.649,1.496,-0.122,1761112
0.291,0.016,-1.149,-1.740,1.481,-0.153,1765124
0.296,0.011,-1.148,-1.725,1.344,-0.290,1769135
0.296,0.012,-1.151,-1.832,1.008,-0.779,1773146
0.299,0.009,-1.146,-1.832,0.977,-1.099,1777157
0.306,0.013,-1.144,-2.336,0.412,-1.481,1781168
0.308,0.006,-1.147,-2.580,-0.107,-1.939,1785179
0.305,0.010,-1.148,-3.038,-0.351,-2.534,1789190
0.301,0.011,-1.148,-3.176,-0.687,-2.947,1793210
0.296,0.004,-1.148,-3.511,-0.931,-3.298,1797222
0.292,0.010,-1.152,-3.664,-0.824,-3.756,1801232
0.296,0.006,-1.154,-3.924,-0.733,-3.954,1805243
0.285,0.001,-1.149,-4.168,-0.366,-4.107,1809255
0.282,0.004,-1.142,-4.641,-0.153,-4.122,1813274
0.271,0.006,-1.141,-4.916,0.229,-4.061,1817286
0.279,0.006,-1.138,-5.115,0.779,-4.046,1821297
0.281,0.009,-1.140,-5.084,1.053,-4.137,1825308
0.275,0.012,-1.127,-5.221,1.557,-3.939,1829320
0.280,0.010,-1.134,-5.023,1.817,-3.878,1833337
0.282,0.009,-1.134,-4.794,2.107,-3.649,1837348
0.279,0.011,-1.128,-4.718,2.000,-3.618,1841359
0.284,0.016,-1.130,-4.519,1.756,-3.496,1845370
0.288,0.020,-1.120,-4.244,1.466,-3.313,1849381
0.285,0.027,-1.122,-3.786,1.252,-3.130,1853392
0.289,0.024,-1.123,-3.328,1.023,-3.221,1857403
0.287,0.027,-1.125,-2.931,0.931,-2.977,1861414
0.290,0.023,-1.125,-2.580,0.550,-2.885,1865425
0.287,0.021,-1.125,-2.443,0.290,-2.809,1869436
0.274,0.022,-1.118,-2.275,0.534,-2.916,1873447
0.276,0.017,-1.120,-2.244,0.534,-2.916,1877458
0.268,0.020,-1.120,-2.031,0.794,-2.443,1881469
0.268,0.014,-1.126,-2.061,1.206,-2.244,1885480
0.265,0.008,-1.117,-2.153,1.695,-2.092,1889491
0.265,0.006,-1.111,-2.183,1.985,-1.817,1893501
0.271,0.009,-1.122,-2.382,2.336,-1.740,1897512
0.266,0.010,-1.118,-2.366,2.687,-1.649,1901523
0.275,0.005,-1.109,-2.458,2.611,-1.802,1905534
0.282,0.008,-1.119,-2.305,2.565,-1.847,1909545
0.283,0.012,-1.121,-2.168,2.321,-1.893,1913555
0.290,0.014,-1.114,-2.137,1.939,-1.908,1917566
0.293,0.005,-1.105,-2.305,1.176,-2.015,1921577
0.288,0.013,-1.108,-2.198,0.672,-2.244,1925588
0.290,0.010,-1.109,-2.153,0.137,-2.412,1929599
0.291,0.010,-1.115,-1.832,-0.305,-2.733,1933619
0.291,0.010,-1.105,-1.634,-0.580,-2.824,1937630
0.289,0.001,-1.109,-1.618,-0.824,-2.992,1941641
0.282,0.014,-1.123,-1.603,-0.840,-2.870,1945652
0.275,0.010,-1.123,-1.481,-0.763,-2.702,1949663
0.270,0.007,-1.117,-1.435,-0.702,-2.580,1953684
0.269,0.010,-1.125,-1.511,-0.183,-2.550,1957695
0.274,0.012,-1.122,-1.313,0.336,-2.443,1961706
0.272,0.008,-1.119,-1.252,0.947,-2.473,1965717
0.270,0.005,-1.123,-1.023,1.450,-2.122,1969728
0.263,0.009,-1.118,-1.099,1.908,-2.076,1973742
0.269,0.009,-1.124,-0.992,2.336,-1.924,1977752
0.281,0.009,-1.123,-0.641,2.351,-1.893,1981763
0.289,0.012,-1.126,-0.611,2.183,-1.634,1985774
0.296,0.005,-1.123,-0.550,1.740,-1.527,1989785
0.299,0.007,-1.130,-0.550,1.374,-1.618,1993797
0.298,0.003,-1.129,-0.626,0.718,-1.756,1997808
0.295,0.003,-1.129,-0.687,0.183,-1.985,2001819
